number,name,email,password
2022010001,student2022010001,2022010001@stu.com,2022010001
2022010002,student2022010002,2022010002@stu.com,2022010002
2022010003,student2022010003,2022010003@stu.com,2022010003
2022010004,student2022010004,2022010004@stu.com,2022010004
2022010005,student2022010005,2022010005@stu.com,2022010005
2022010006,student2022010006,2022010006@stu.com,2022010006
2022010007,student2022010007,2022010007@stu.com,2022010007
2022010008,student2022010008,2022010008@stu.com,2022010008
2022010009,student2022010009,2022010009@stu.com,2022010009
2022010010,student2022010010,2022010010@stu.com,2022010010
2022010011,student2022010011,2022010011@stu.com,2022010011
2022010012,student2022010012,2022010012@stu.com,2022010012
2022010013,student2022010013,2022010013@stu.com,2022010013
2022010014,student2022010014,2022010014@stu.com,2022010014
2022010015,student2022010015,2022010015@stu.com,2022010015
2022010016,student2022010016,2022010016@stu.com,2022010016
2022010017,student2022010017,2022010017@stu.com,2022010017
2022010018,student2022010018,2022010018@stu.com,2022010018
2022010019,student2022010019,2022010019@stu.com,2022010019
2022010020,student2022010020,2022010020@stu.com,2022010020
2022010021,student2022010021,2022010021@stu.com,2022010021
2022010022,student2022010022,2022010022@stu.com,2022010022
2022010023,student2022010023,2022010023@stu.com,2022010023
2022010024,student2022010024,2022010024@stu.com,2022010024
2022010025,student2022010025,2022010025@stu.com,2022010025
2022010026,student2022010026,2022010026@stu.com,2022010026
2022010027,student2022010027,2022010027@stu.com,2022010027
2022010028,student2022010028,2022010028@stu.com,2022010028
2022010029,student2022010029,2022010029@stu.com,2022010029
2022010030,student2022010030,2022010030@stu.com,2022010030
2022010031,student2022010031,2022010031@stu.com,2022010031
2022010032,student2022010032,2022010032@stu.com,2022010032
2022010033,student2022010033,2022010033@stu.com,2022010033
2022010034,student2022010034,2022010034@stu.com,2022010034
2022010035,student2022010035,2022010035@stu.com,2022010035
2022010036,student2022010036,2022010036@stu.com,2022010036
2022010037,student2022010037,2022010037@stu.com,2022010037
2022010038,student2022010038,2022010038@stu.com,2022010038
2022010039,student2022010039,2022010039@stu.com,2022010039
2022010040,student2022010040,2022010040@stu.com,2022010040
2022010041,student2022010041,2022010041@stu.com,2022010041
2022010042,student2022010042,2022010042@stu.com,2022010042
2022010043,student2022010043,2022010043@stu.com,2022010043
2022010044,student2022010044,2022010044@stu.com,2022010044
2022010045,student2022010045,2022010045@stu.com,2022010045
2022010046,student2022010046,2022010046@stu.com,2022010046
2022010047,student2022010047,2022010047@stu.com,2022010047
2022010048,student2022010048,2022010048@stu.com,2022010048
2022010049,student2022010049,2022010049@stu.com,2022010049
2022010050,student2022010050,2022010050@stu.com,2022010050
2022010051,student2022010051,2022010051@stu.com,2022010051
2022010052,student2022010052,2022010052@stu.com,2022010052
2022010053,student2022010053,2022010053@stu.com,2022010053
2022010054,student2022010054,2022010054@stu.com,2022010054
2022010055,student2022010055,2022010055@stu.com,2022010055
2022010056,student2022010056,2022010056@stu.com,2022010056
2022010057,student2022010057,2022010057@stu.com,2022010057
2022010058,student2022010058,2022010058@stu.com,2022010058
2022010059,student2022010059,2022010059@stu.com,2022010059
2022010060,student2022010060,2022010060@stu.com,2022010060
2022010061,student2022010061,2022010061@stu.com,2022010061
2022010062,student2022010062,2022010062@stu.com,2022010062
2022010063,student2022010063,2022010063@stu.com,2022010063
2022010064,student2022010064,2022010064@stu.com,2022010064
2022010065,student2022010065,2022010065@stu.com,2022010065
2022010066,student2022010066,2022010066@stu.com,2022010066
2022010067,student2022010067,2022010067@stu.com,2022010067
2022010068,student2022010068,2022010068@stu.com,2022010068
2022010069,student2022010069,2022010069@stu.com,2022010069
2022010070,student2022010070,2022010070@stu.com,2022010070
2022010071,student2022010071,2022010071@stu.com,2022010071
2022010072,student2022010072,2022010072@stu.com,2022010072
2022010073,student2022010073,2022010073@stu.com,2022010073
2022010074,student2022010074,2022010074@stu.com,2022010074
2022010075,student2022010075,2022010075@stu.com,2022010075
2022010076,student2022010076,2022010076@stu.com,2022010076
2022010077,student2022010077,2022010077@stu.com,2022010077
2022010078,student2022010078,2022010078@stu.com,2022010078
2022010079,student2022010079,2022010079@stu.com,2022010079
2022010080,student2022010080,2022010080@stu.com,2022010080
2022010081,student2022010081,2022010081@stu.com,2022010081
2022010082,student2022010082,2022010082@stu.com,2022010082
2022010083,student2022010083,2022010083@stu.com,2022010083
2022010084,student2022010084,2022010084@stu.com,2022010084
2022010085,student2022010085,2022010085@stu.com,2022010085
2022010086,student2022010086,2022010086@stu.com,2022010086
2022010087,student2022010087,2022010087@stu.com,2022010087
2022010088,student2022010088,2022010088@stu.com,2022010088
2022010089,student2022010089,2022010089@stu.com,2022010089
2022010090,student2022010090,2022010090@stu.com,2022010090
2022010091,student2022010091,2022010091@stu.com,2022010091
2022010092,student2022010092,2022010092@stu.com,2022010092
2022010093,student2022010093,2022010093@stu.com,2022010093
2022010094,student2022010094,2022010094@stu.com,2022010094
2022010095,student2022010095,2022010095@stu.com,2022010095
2022010096,student2022010096,2022010096@stu.com,2022010096
2022010097,student2022010097,2022010097@stu.com,2022010097
2022010098,student2022010098,2022010098@stu.com,2022010098
2022010099,student2022010099,2022010099@stu.com,2022010099
2022010100,student2022010100,2022010100@stu.com,2022010100
2022010101,student2022010101,2022010101@stu.com,2022010101
2022010102,student2022010102,2022010102@stu.com,2022010102
2022010103,student2022010103,2022010103@stu.com,2022010103
2022010104,student2022010104,2022010104@stu.com,2022010104
2022010105,student2022010105,2022010105@stu.com,2022010105
2022010106,student2022010106,2022010106@stu.com,2022010106
2022010107,student2022010107,2022010107@stu.com,2022010107
2022010108,student2022010108,2022010108@stu.com,2022010108
2022010109,student2022010109,2022010109@stu.com,2022010109
2022010110,student2022010110,2022010110@stu.com,2022010110
2022010111,student2022010111,2022010111@stu.com,2022010111
2022010112,student2022010112,2022010112@stu.com,2022010112
2022010113,student2022010113,2022010113@stu.com,2022010113
2022010114,student2022010114,2022010114@stu.com,2022010114
2022010115,student2022010115,2022010115@stu.com,2022010115
2022010116,student2022010116,2022010116@stu.com,2022010116
2022010117,student2022010117,2022010117@stu.com,2022010117
2022010118,student2022010118,2022010118@stu.com,2022010118
2022010119,student2022010119,2022010119@stu.com,2022010119
2022010120,student2022010120,2022010120@stu.com,2022010120
2022010121,student2022010121,2022010121@stu.com,2022010121
2022010122,student2022010122,2022010122@stu.com,2022010122
2022010123,student2022010123,2022010123@stu.com,2022010123
2022010124,student2022010124,2022010124@stu.com,2022010124
2022010125,student2022010125,2022010125@stu.com,2022010125
2022010126,student2022010126,2022010126@stu.com,2022010126
2022010127,student2022010127,2022010127@stu.com,2022010127
2022010128,student2022010128,2022010128@stu.com,2022010128
2022010129,student2022010129,2022010129@stu.com,2022010129
2022010130,student2022010130,2022010130@stu.com,2022010130
2022010131,student2022010131,2022010131@stu.com,2022010131
2022010132,student2022010132,2022010132@stu.com,2022010132
2022010133,student2022010133,2022010133@stu.com,2022010133
2022010134,student2022010134,2022010134@stu.com,2022010134
2022010135,student2022010135,2022010135@stu.com,2022010135
2022010136,student2022010136,2022010136@stu.com,2022010136
2022010137,student2022010137,2022010137@stu.com,2022010137
2022010138,student2022010138,2022010138@stu.com,2022010138
2022010139,student2022010139,2022010139@stu.com,2022010139
2022010140,student2022010140,2022010140@stu.com,2022010140
2022010141,student2022010141,2022010141@stu.com,2022010141
2022010142,student2022010142,2022010142@stu.com,2022010142
2022010143,student2022010143,2022010143@stu.com,2022010143
2022010144,student2022010144,2022010144@stu.com,2022010144
2022010145,student2022010145,2022010145@stu.com,2022010145
2022010146,student2022010146,2022010146@stu.com,2022010146
2022010147,student2022010147,2022010147@stu.com,2022010147
2022010148,student2022010148,2022010148@stu.com,2022010148
2022010149,student2022010149,2022010149@stu.com,2022010149
2022010150,student2022010150,2022010150@stu.com,2022010150
2022010151,student2022010151,2022010151@stu.com,2022010151
2022010152,student2022010152,2022010152@stu.com,2022010152
2022010153,student2022010153,2022010153@stu.com,2022010153
2022010154,student2022010154,2022010154@stu.com,2022010154
2022010155,student2022010155,2022010155@stu.com,2022010155
2022010156,student2022010156,2022010156@stu.com,2022010156
2022010157,student2022010157,2022010157@stu.com,2022010157
2022010158,student2022010158,2022010158@stu.com,2022010158
2022010159,student2022010159,2022010159@stu.com,2022010159
2022010160,student2022010160,2022010160@stu.com,2022010160
2022010161,student2022010161,2022010161@stu.com,2022010161
2022010162,student2022010162,2022010162@stu.com,2022010162
2022010163,student2022010163,2022010163@stu.com,2022010163
2022010164,student2022010164,2022010164@stu.com,2022010164
2022010165,student2022010165,2022010165@stu.com,2022010165
2022010166,student2022010166,2022010166@stu.com,2022010166
2022010167,student2022010167,2022010167@stu.com,2022010167
2022010168,student2022010168,2022010168@stu.com,2022010168
2022010169,student2022010169,2022010169@stu.com,2022010169
2022010170,student2022010170,2022010170@stu.com,2022010170
2022010171,student2022010171,2022010171@stu.com,2022010171
2022010172,student2022010172,2022010172@stu.com,2022010172
2022010173,student2022010173,2022010173@stu.com,2022010173
2022010174,student2022010174,2022010174@stu.com,2022010174
2022010175,student2022010175,2022010175@stu.com,2022010175
2022010176,student2022010176,2022010176@stu.com,2022010176
2022010177,student2022010177,2022010177@stu.com,2022010177
2022010178,student2022010178,2022010178@stu.com,2022010178
2022010179,student2022010179,2022010179@stu.com,2022010179
2022010180,student2022010180,2022010180@stu.com,2022010180
2022010181,student2022010181,2022010181@stu.com,2022010181
2022010182,student2022010182,2022010182@stu.com,2022010182
2022010183,student2022010183,2022010183@stu.com,2022010183
2022010184,student2022010184,2022010184@stu.com,2022010184
2022010185,student2022010185,2022010185@stu.com,2022010185
2022010186,student2022010186,2022010186@stu.com,2022010186
2022010187,student2022010187,2022010187@stu.com,2022010187
2022010188,student2022010188,2022010188@stu.com,2022010188
2022010189,student2022010189,2022010189@stu.com,2022010189
2022010190,student2022010190,2022010190@stu.com,2022010190
2022010191,student2022010191,2022010191@stu.com,2022010191
2022010192,student2022010192,2022010192@stu.com,2022010192
2022010193,student2022010193,2022010193@stu.com,2022010193
2022010194,student2022010194,2022010194@stu.com,2022010194
2022010195,student2022010195,2022010195@stu.com,2022010195
2022010196,student2022010196,2022010196@stu.com,2022010196
2022010197,student2022010197,2022010197@stu.com,2022010197
2022010198,student2022010198,2022010198@stu.com,2022010198
2022010199,student2022010199,2022010199@stu.com,2022010199
2022010200,student2022010200,2022010200@stu.com,2022010200
